E,F,L,I
34359951.21260305,21373.816129377272,253.30596872570482,397.88130837467713
28057355.742907558,30617.791560420934,253.61292155138702,403.4412280138856
35431982.11609094,34967.84428462613,253.18989774837783,371.9317609626851
28041948.68744233,21315.022018381096,250.94796999240342,366.9290196269449
36444562.18607961,26905.249605116507,252.8766960385893,377.62193952816585
32950211.408753864,31469.358723163783,251.49617198482918,345.7680011092174
33677615.77853969,26997.73301158137,256.37362522786367,408.4063413130727
31834518.543026865,23339.72271578812,252.35290689487118,359.5817317946926
28161856.421815425,31068.600024391148,259.1431665172396,382.2666962937509
35060848.40812222,27555.065901060505,257.05175477014944,367.28420402594907
33354364.845005997,24828.70269255394,253.50862841887505,345.0763173318328
32650036.582528695,53321.48491239969,252.51017732171073,414.9274064196715
31760377.08707273,34937.858468744904,257.6311315822481,340.28593650735166
32321024.64565009,20504.113025865678,257.4377496313702,373.25560204725014
40480798.857369,22558.58388028789,256.47255779337155,355.2800073040295
40143213.0470579,22229.65890564795,253.61837159264246,397.64449171332876
29241084.37305043,21022.119848015464,255.41206776536532,339.7936733322751
35948475.09559152,30486.29962848546,253.14320123388524,383.7108728726487
40332295.4311597,38288.9911272209,253.06103816644242,327.9031490269908
42878117.60289985,34599.749892857115,253.0475822307583,348.51918605201456
28917407.48150608,32391.62514913473,257.92338089448367,340.0480896185756
31124461.501452688,37326.20297954747,254.36194254454924,339.94152981659533
28102348.784948435,23932.159217643522,256.3260137381918,388.43591698148145
34510293.02632851,27236.86580021063,251.96030298968432,401.81672134221003
30678059.64601908,41836.36403213085,259.8298329366686,331.60670950206725
28304220.129013382,21257.526247229827,255.9109881215413,313.13466368006584
31603114.40831752,21404.793980640985,258.47968745329126,338.4672971089906
32467849.909416374,37964.710300525665,256.2989255933696,347.86857537574633
29982074.795751978,30463.040249978054,254.3339949054922,433.7465660056944
36148382.16508266,33058.36309138205,257.29636883851657,326.3142753120113
28029599.860345084,33576.81859992628,252.55860526785136,346.40314915520884
33502823.54114622,24992.34087727258,259.6858394967435,357.8345212483631
40415270.40839384,24516.07456738865,252.30637550884873,352.7385664880517
28045970.093922626,24240.5034762578,253.7650230553396,325.5045846167152
29435785.066764593,28305.763770427875,258.0886454793176,326.62522807258523
30416068.074962027,40912.78677983253,253.34789601973887,324.3080484555361
29849715.64455703,33415.72601366886,255.0147707502603,382.37313094179103
30648008.631874967,31777.278918233693,254.86594143196203,361.2944121299703
32001786.296873305,25436.69881293818,254.61923336397928,365.59938571600276
30812696.028449696,31725.526006268297,255.64204254287685,371.77594753984386
32028064.664978284,27168.028976979927,259.3209329894284,387.66412403616454
33943104.889990486,23935.528126156478,254.47797383149316,330.0187010233325
37433376.13798923,36534.78042574742,253.6801568631658,380.08671726183235
29675626.370568354,20954.613458345437,253.08626144520815,329.57805869565294
33724667.241763,29410.906974631085,254.61262946157407,379.10035515295067
29627694.08327122,21575.162469813382,251.8762079359892,363.1777231961082
33521492.289850295,32153.289313927737,250.64943060526815,352.4882036534475
34669851.80218724,20898.795925830676,254.88219562250208,346.21241854284796
30343188.93580735,55162.63146176939,258.767113142029,325.85905130184545
29111587.849122506,25960.190842580436,256.62490997192725,339.6092212925217
35690092.89373391,22780.380463166803,251.79621141143522,399.33844001067354
32852254.7384502,31881.23969984961,256.8275780904305,340.37371845583334
29469996.381928626,26915.320425467304,251.65641906532048,338.1926839436675
38834858.98932565,24277.315393962694,250.416211183349,394.77739067831715
45555860.677359946,47920.48221065685,250.4964892615492,345.41459501545523
35229796.80809849,24643.187927026833,254.85961190526558,350.8683152484358
30607857.640757576,22915.92560074257,250.05544801026036,374.8659420156272
31465032.821418617,32931.92928357124,255.583818376601,342.78995950793285
29830732.011799254,32860.48607610389,253.19163677317496,320.98563486295797
30074464.350757144,29921.137183281782,253.56440447452323,395.98342505819187
31415998.318005715,31609.648161868692,252.66831429796187,328.84542712694446
29774863.231086027,26076.738145767173,255.0833002724182,379.3021382922714
35197697.69976272,36055.42244552355,259.3060418262531,371.98130113807923
38729742.985826954,32703.750734174766,259.70838675729726,375.15723535087596
28999680.800255477,24547.273477356663,252.61595726178044,402.6580655544321
28044991.071605463,31264.677419212567,251.59590760476547,340.40760824916214
32005266.46827481,33729.14490689828,251.45708578956513,367.87556966791504
34126841.07236772,27652.887015008797,255.2798533259267,355.50051104415274
28490713.49548695,22311.573071256316,250.43512005359912,397.8207083089441
29776868.57026992,22391.18163139146,250.8007465984252,420.00670526228384
35264436.976604104,39181.96732194065,257.61503617412797,346.85386540676257
34412336.02036542,34195.778752520346,257.4537974315814,371.2090884208345
30146282.487509344,43888.62357741779,253.4032899420544,379.6917344192931
38954612.053728566,25727.856358783316,250.81063021990195,405.3680920072377
29927815.059335057,26059.113305754458,253.67371556301947,344.00064083718485
40487139.84953524,36613.0728130683,258.98865539287897,341.0307096057612
31460032.28246645,50946.35171893876,256.3915019263908,330.63375793614995
28592268.282780416,25057.10305885652,252.04344102819408,347.2894669923594
33482535.320826437,23998.75151653034,252.87773141916392,366.7078666257823
31330751.721635725,34577.29937092716,252.53614830612625,384.8942524143306
34271440.89600165,18779.324106011074,252.1798058554818,348.15192979448244
31329925.005605854,32821.711151691496,257.6999775799568,378.08514162771
28606017.49785214,35643.861630199885,258.48959837866965,359.2564881427367
33886973.854032,19921.480968900094,256.4402239185194,378.5188351226903
29853897.7654423,24868.8872696155,258.966408043874,398.5609731995587
41243259.90842725,30970.32633084849,255.93190314083972,367.47657044669984
34172114.655547075,25186.993405969,257.09955428578184,318.6299222102653
33420259.719695657,34536.34150838396,253.04178776915842,356.74541890243535
28574118.364152152,27987.67520893497,251.22006591390735,370.4004863859068
34933453.875873916,25865.441395192982,253.47759953077852,371.4020372846671
28322227.171153396,38175.596183059846,256.4615813034695,355.69675295470296
33115106.387550645,36012.49710111868,259.58885638849716,336.6042657981778
40317013.44803205,31313.488714421623,253.90661566789112,375.03953236975
33175019.002290364,29274.510232136534,259.2402188750277,344.2974043639712
31082615.75489942,36788.141150326745,253.4048925711548,340.14220343706654
34133799.34563455,20425.54237370818,257.3397782952302,387.99329504769617
29256163.364577875,45252.23327672309,256.46096069362767,373.9629968818661
33412899.0881434,45912.12060609186,255.03815326584146,352.05621876388926
32230778.460457467,40811.84960628982,255.0247500897915,369.52499691612843
30970872.749470342,25279.920458841818,259.8179161245116,368.8925502780955
30218611.22317995,25562.63701500507,250.95896056412136,333.13294616342085
32267619.45388863,32719.02690124229,254.31306292483,381.49107950602087
34828724.214647956,34928.262727532885,256.84139795432054,348.0750096631831
40621343.163469836,30036.65527074968,255.50917967595313,342.8178515457833
33873801.85413462,38490.1493304457,252.90490716717565,407.9463269609724
30731633.252442766,29414.896794396092,259.0963468963181,356.060370977951
42488660.43314509,37517.26745379332,258.82776407333967,391.1484785937682
30540641.93560473,24390.600532480064,255.31461061884053,351.92505591915614
33167689.30132383,26408.913411054244,251.67399380539248,399.0519760180762
32714075.114372313,24086.241064652255,251.06466156784634,348.2587006840004
35421093.55411474,32467.508542578955,258.965506242039,345.4993949632054
28065310.01992609,31241.59937544925,254.344891939276,333.226715261208
29299460.09117609,31486.195912641448,259.4591744847671,327.7653438138106
29088231.829404004,23272.26722913267,259.94695631724096,322.6854984315229
32222345.578286134,38300.68689480012,254.69862634771206,352.4224704886321
29411152.547943186,26258.572894566947,255.05598551000102,331.66950159463573
30105468.653189957,21205.039366817346,253.76668606574458,388.09913751904105
28776993.991069507,23911.651597772252,253.44962420170012,356.1261788520813
42855746.55277337,19630.913332221207,251.3002205695958,359.0707644419402
38445277.50857269,21830.25627457229,257.64209978344076,377.18597548381507
31613149.732138388,36161.421669425275,254.89273075361632,334.6722594233106
28560609.920529693,42000.399630631335,253.40137660903207,402.9205656267144
35590493.7931652,26693.440452987143,252.70223765025864,377.5741379381715
37908926.81602487,18901.475491978148,257.3838829514649,391.7866259991571
34194449.86920661,17844.66693337346,253.23966946380506,387.9169063115101
32344626.43979797,20415.821831112073,255.5634387051178,353.1430938273371
28713511.93278657,41540.139501039055,252.7307370982485,367.7763186171266
28833184.423717473,24999.016672003978,255.73119983356497,391.9263998016147
31683595.55322614,25288.128166481067,257.91643042816366,361.3494462360959
29751070.14127966,34092.326186673854,257.4466599142374,350.9006962233941
32788501.189586196,23057.276206976283,259.307501930582,378.8207026350085
35920772.44311683,29461.93410821329,256.5844280513748,352.3305142730456
28794955.20082871,31089.235413263592,254.8559147792762,361.1130292203549
39645677.688911736,43662.73025441315,251.8184843900233,335.12179253189544
29952505.886650667,37674.32483928731,251.15482749948072,430.78187189743505
32170834.207640972,25357.39407795618,253.77651186370457,351.9846028255741
32555695.534072965,33183.9281486216,252.89344658672843,386.5659250162325
33855529.73824287,31200.7673562071,250.76609110176338,365.80971776655116
37569381.961077645,26577.40435711122,251.35707720195919,388.58198453323826
34145409.13451615,20797.757497566396,253.9990516353987,388.53517942753666
35013548.26187411,27104.312603758364,253.13494487056772,355.29612000862767
28522020.188363016,28114.293546390203,253.4103586130952,386.56978119541697
28070358.85302867,22744.574147848223,258.63246318038466,354.5435169671158
41789635.94094747,27001.834109740434,255.24084878047427,350.14525636622625
32210774.536306355,19142.676472365623,258.5575554372028,326.33691370547666
35111856.74660498,35539.48708668862,251.07658679278202,389.81899172409203
38869929.66762251,28423.480758951213,250.14357192346878,381.11526483990644
35401550.32939768,34868.896470402346,258.46450186216225,347.5909097025006
28625591.619740646,37617.593292690384,256.0866416898741,385.7876306648577
33124887.806119572,39721.621417057846,259.42777780633986,409.4133494075849
36228373.25214811,24453.203835256965,255.1297366004727,365.8380256213916
33558911.36168273,29668.159853406723,257.0626540211573,352.7080840043114
37687352.067759775,33136.464743959645,250.03884759559475,408.4393412299049
32030314.807057038,51739.04490271541,254.44327849449266,397.4569639063923
29473062.700028595,21518.45055404936,252.07464441838738,382.60805518062085
32081468.975071378,19937.407235639577,254.72684216137046,362.28472376008585
31929266.014285915,22486.374167390728,253.02185101812242,382.69552147673835
28932658.2587811,21842.382215856487,255.4368273147335,385.0531429450273
28509534.0306764,23297.22103288454,259.4367490942072,339.3054092589888
40992570.19769232,25943.53121710565,252.7402540025875,349.3434213133537
38055967.433218844,31611.515941468053,256.4480196322603,397.7906887878317
28170883.268801603,38686.851504336664,256.85653575643465,329.4038177212213
32741458.72254657,33199.67405102831,258.5263583614238,344.9586696472901
28229260.623836298,27810.985728892418,251.63389029447293,328.1710739031643
29620751.167044103,24469.763160933137,252.69010188870362,354.53176195878825
35287733.27437245,31684.54476510559,253.3038060994287,347.37743316462104
32950538.052377127,47841.041682018615,254.27125691707258,367.05679269923814
30137720.670909535,29826.25855781822,250.96664474729843,350.6807907180134
29323522.248341795,22525.97581099862,256.73246962843086,434.0301932662654
30579040.53998114,45526.93829527542,250.57154795356473,387.668319962445
38183973.98205759,42972.3787382797,258.7411502796873,397.1037226236465
36760012.33770572,30757.606835458962,256.50941128652374,355.47168168401845
34977554.247215204,21937.466904103698,250.37440950322903,379.8462675525217
33119666.157890912,27425.761717338213,259.8535355057738,375.9869465772992
32478616.246116877,27380.250572944908,252.48477929612926,390.4686955935363
28498871.30740805,19506.132318987253,255.0915320859977,337.0650039095314
39959612.023644604,29905.54610131494,255.46109930708286,357.6855932504407
38049479.288601294,26441.325186713722,254.9854324918863,362.59568642074265
31632276.488555323,26511.37913082108,255.2918555845601,333.5413545438367
34527774.891120754,21024.997674966733,250.51914429531573,375.43653442248774
35251294.495352946,29815.369603839437,256.57109510524253,381.1191266895086
30711812.247561403,22482.38806620267,252.31054405425886,362.37159629859565
30876706.751543693,22239.237438915225,252.8349037877029,339.1158746228215
29157590.347462967,26959.243249405175,250.37243220051897,336.68094261610617
40781020.710219145,35010.74605834625,252.2581703339887,358.07306584340654
28004288.059318036,25075.18371282985,253.5210869144687,342.16996095621397
29227104.37822758,30379.635614978324,250.30167343969606,375.28273230527066
29461244.596306294,23789.7186972248,253.26735186014767,365.5997941949825
28407557.255462095,21966.68512988044,254.6660028362629,402.2185835924419
32676072.9329722,42542.41210079155,253.63067103069375,345.76888802441357
35136903.51296406,38836.45765047177,254.66137430718317,364.1878152205845
29608286.980764296,19792.526945926256,254.285355089974,338.69059512763664
37835612.63393518,35957.8343767075,250.59396517844024,355.5347598268748
31566897.04208159,30573.77096914921,256.4286176850291,365.0031178845401
28159612.917023186,25160.958198918473,252.92730270431477,400.01906731899203
28690178.59315124,22972.815871815026,250.8280599666873,369.30237398576844
38421337.994623676,30946.056048939707,251.5830220285592,376.8342116185589
28496966.556915596,36496.38941835399,259.0410756645968,409.9317830265678
31260152.778173797,24586.834374154583,258.819074034382,379.895008941633
32680206.582471445,29843.94655704698,254.85348234239632,373.2366448322234
34612927.13849688,41041.90876620547,259.7314993786427,336.4036490008183
30080333.262013234,32774.77877621827,256.18080595918286,333.3573687648296
36057122.16114757,25980.730382853086,256.402855023532,400.10106789820367
28652783.495988123,39553.155600443715,250.46228934089189,384.7515061876146
32714059.567522224,25149.145425092458,253.0291304073298,430.1478644358068
40641625.38620156,27457.910602936267,253.64882791038318,366.9497305612663
32375706.279329896,24178.742241083808,258.70292985505375,393.8316300789206
31065390.164238293,20529.63833193161,252.17889184306654,352.50622184157305
30985737.657743145,28961.348567230685,259.0711585559836,376.82369358347745
31370498.771375682,20956.48596130108,254.33858877012543,353.82963353828495
28095408.58417764,27127.46626580001,250.79382236817594,366.3039878835167
30168959.097656306,23094.451532351377,256.39856438927444,391.19648357435534
30841789.270249635,22194.21431042855,254.72330304150617,376.9994169838438
32251522.71446244,20198.635201471225,256.4403203877481,386.1398015813054
32215353.441697575,34239.664572493595,254.44140114741,359.36586387159895
34596230.12797142,24903.726363409118,259.2671216449426,357.03310840016707
33823563.13724329,22817.96621690815,255.83620496005358,331.882153421956
29540966.22272388,33476.2125052229,250.2544501705264,362.60892872423705
29548956.042640284,22742.116924152982,256.92024235349044,362.8272900737379
32192661.26817161,39260.88921577946,258.81584917788894,332.3167789411172
28750268.150949,47154.96344269725,254.27922766373752,357.8442531624964
28612752.75869615,22889.16362853111,251.5405495828216,336.6402433780742
35845206.33810958,31234.318999698993,258.54974716545837,364.4651003756321
38848729.24681496,24486.647087161422,250.56959589974525,423.16022321740786
28289889.552448597,33754.41369472209,250.69591513570768,365.2389337410931
43175184.88376903,24912.078068148192,252.1136232290843,366.26307784919265
31334909.237661228,19861.010706030305,251.85517007799928,357.37205067174517
29253241.550891757,32534.77964186083,259.4836990479869,390.13223852406435
33783189.26040944,27734.18084036273,254.8543008111243,337.84980121651733
36666212.245348305,27015.96332511452,254.29744106452637,401.7125127609661
31950799.944246113,37616.235308759555,257.9763938662841,414.0421013784818
28220409.58451974,52114.96704377076,253.0876489861362,346.6764828742944
29125825.72503198,27273.74730612083,254.69229501671447,343.6198587689621
38445967.25422969,26119.796872417603,256.6742705497881,322.1942999467485
37407031.90255605,27364.631974471504,250.5714222693844,400.6815798814288
35473302.01118543,23396.002735344024,250.5054512564826,320.10894290633445
33282339.57431483,45296.74409274396,252.76896234576827,424.9374951534055
29157654.6104772,27142.796014699277,251.6218671151672,395.0438573825989
30330898.561337944,21101.092083532123,258.57716154013696,381.8098055524114
30965999.68238459,24957.606123341848,259.53967993375653,372.25422710041545
36082194.00655067,24835.976284407152,254.30752448813988,381.49448761342956
29404881.241793692,27671.639121900953,250.99949321203735,380.1169728550783
32184363.840987794,24924.141194962907,253.03558152884827,375.6423745123939
32664657.21689107,24334.172592578976,250.91355986870064,393.6540632062894
36146441.14703237,30441.14663373847,255.16439157400188,365.7123713686326
31396537.730517644,29949.54402840555,253.50696097371366,385.4582555345612
31691149.051109523,25918.68773961695,255.5561085273485,340.2322541044088
37779824.06575971,43102.81216772224,257.52176519359085,352.69248555470784
37878354.84158544,24305.622049237078,251.03131025698264,362.69477184732483
29552757.87357106,54101.14945698311,251.44210004694762,343.20579096385376
32310883.019934162,31655.298370065913,250.08108376783895,357.1773544459294
30074569.433007035,33095.392975139795,258.27992750600686,363.76837447835175
30900624.307135113,34408.10186747954,254.66731585516152,333.7991643681334
28343170.600464907,24644.508574150757,259.71860581979985,328.15101074991384
36596459.2716288,29133.781930975576,254.61060045034242,351.59606134217836
29540612.308945946,26134.50902551434,250.7553331600217,401.93033427806273
28604410.90291532,26246.421628342083,250.39218041334723,378.28945922824107
29893857.874344118,36125.85623850217,257.24155370184275,352.41983143824706
31927903.01840704,23142.171876695225,257.95292589005965,324.1971412406838
30432702.77027124,38314.20202984271,253.89206705074233,391.91103980034063
30339007.284741208,48663.38269231373,250.60683993312628,355.38196309831704
29549384.988253858,31031.484227522968,253.23993554422887,343.12508615421683
31712149.753763653,25893.91562783745,256.73942623962324,360.53918374621725
30085946.818560194,35919.72234153196,256.0366748502674,368.00717234841824
29068335.744277377,25751.6073230112,252.3604385730529,328.39898167267165
31472909.80992467,21910.602344442443,252.75049714811047,356.5600417868494
31407012.76806059,27202.24216129883,258.19232146622113,388.47876208698676
32211275.415679332,24132.650557711106,259.2947427916181,393.1103237273197
30983138.34508479,24949.376205269444,251.05675765705817,327.30337227870206
37663550.94234365,25396.622688186384,254.459173125544,339.25488051746294
45685391.86966,23672.39560575285,254.14311457901846,357.25214196684595
31653749.680831663,36437.24851527535,255.16746740411097,364.67899789107673
32611649.049502157,23881.138419103074,255.49203694759908,357.51441338452645
30567306.316375688,31831.42783634555,255.79789576979033,354.18901575803955
31570477.588927396,19251.71062465669,252.30896540476905,372.9847931538829
28110818.385264397,32487.836085662806,251.89669940600803,397.6027469616674
33979760.105343,28176.847915508617,252.7650481550784,392.00538194284474
38940255.85622169,25188.85145092442,251.53131817456017,352.7091340421495
29555909.915893007,23862.60030447044,252.86924850367814,366.65419821143445
34152652.18604666,23235.2322037068,251.52115755302307,368.4078347095127
38514727.6737352,34245.323084074786,258.936001896251,409.13778099693036
30136666.6484673,29906.878093030347,259.73272873825755,378.55493724081396
33351842.144082453,29561.542478578478,252.0987013061632,344.13581822746954
28403534.158127293,44167.69184687198,256.86974981440727,344.12630652320024
30571170.362098765,59149.37212131274,258.24859920249753,386.9503963119309
33377382.5865079,22181.056165852508,254.02648595785428,369.9674180537013
35808978.1400129,24104.629129563124,251.4511249323359,359.1675700855819
34976171.461156294,21543.239995769352,255.8720127827973,414.49759584913204
35155007.71288974,66306.04236549448,257.89062878927115,333.08346719994074
30408595.03874466,70547.02726176436,252.53786990606451,348.9706400625999
30052537.258015018,41671.156631374,256.487262255746,366.1441422546724
33059081.83583201,34428.75448710777,250.80919886432835,373.4259070658887
33847511.22452935,27149.857101530273,255.76047324916004,352.9498814625481
31809220.383280404,22003.152236935064,253.81183052161094,374.51328762302387
28358607.796097286,24356.165321083005,254.60928028684543,368.96122546688616
28426763.020424373,22453.31994180307,258.778711844336,340.67558549708394
31703811.217038155,33678.0850626867,254.1032063100166,377.36133496798925
28432323.59031464,27296.083271430136,256.81558220435346,398.8280704426778
32010291.728207186,22936.439069779837,254.02222940111486,367.2921046076117
36711259.70398448,28082.439942966106,251.9892364139218,359.38601675161954
29041387.75685916,27948.748209295187,254.91064336817266,377.1085238400288
29587447.13108033,23334.744376745195,258.2118586428324,346.69679901261554
29604222.703926664,54490.41645678706,250.0896250012542,386.64554403461324
38864493.402959846,30494.157097743693,258.27156816302517,364.21590530684415
29677464.976157214,23856.151322983133,250.43616316785364,423.9480568906469
29027485.193772506,26967.024990733596,250.00584437732022,400.03300567968824
37446304.8277213,32329.137937241863,256.79643997470157,388.55388816828196
35688331.526310995,37638.34199157556,250.37088777872734,352.7047389534664
30504980.113220125,41051.43680569279,255.41656512586624,379.9952610852906
34566304.737934254,23665.905216673113,251.64868519197307,346.74608338454163
28110391.622323956,25986.73446401665,252.22770652573024,343.89548837355227
32392661.634836163,28780.579621069555,257.9687779215744,342.18679264251443
32257950.58420881,27749.87656262203,256.91998306452916,353.56056414264367
35816585.78188497,32553.00612280831,252.70272178841324,398.08783372756244
29085512.054225985,24452.27159662998,252.27500692807433,405.83490029717774
32730201.259110674,22581.885862196876,256.30691158714006,354.2578283831337
29300880.69628421,23635.827225831345,257.4443829340827,327.8897076945722
37954515.244876124,24599.669954181765,253.9272712194437,420.04762516847507
30716532.66857227,32649.029064332426,257.0894823210484,324.2122769152446
28935290.223036677,26075.81067252213,256.7257456239302,362.2515611678078
43904253.130751446,24978.296501337805,250.58770776759312,328.18772407791505
28042113.580278877,26019.632138126846,254.43672575611205,345.2006507631432
38482123.707345665,32373.294517024086,254.36055598228177,358.29505359567054
42402776.286016,26017.2698309993,252.41562274095088,346.7893939783794
33946236.73255983,27482.494061227273,257.5745719407696,380.81024560719806
28242889.079163074,26414.740647558865,256.53365352776854,368.86989622167465
31746894.068995863,27125.312513770397,258.8886777266232,312.7481848142208
30938672.708770763,21135.43499399242,254.8720773932465,358.00672976023463
34753583.334952235,28779.54596088695,251.26023471822273,342.20572792070146
30967403.022351876,21117.895908027698,255.59552654554625,326.9757183936137
31495798.63360541,41343.503445436196,252.12555294907364,363.51322351507037
29192509.74946484,40780.90076923115,259.3155610394175,354.2561545523369
30334444.90624857,51666.20348603781,259.3833583366991,328.85379452517225
34363425.77496662,41624.41351356265,257.6190937374611,342.47263667294334
30962134.27207969,28135.7358620014,255.50165880534297,406.7511618823687
30386301.484665636,33320.72175958511,254.1253153257964,372.5002569431485
30261521.3154554,21751.11785726092,257.5030288198895,364.87546139817044
33798044.25685571,28057.940412078427,259.89043130684865,366.1858432569985
29619849.477618895,24579.89687907673,250.6726369733604,384.8121991409388
29816583.920887608,22997.10644659219,259.8601604907102,356.3126482042892
28255478.48779342,37848.00954881402,253.43617484774558,381.4615552011025
29574335.27968478,45238.67464786256,255.37706922662866,399.1286251603702
28089663.454970952,23841.79345643083,250.32048739123582,405.0900006773102
31077362.302721173,20153.970374119228,250.91044016574747,327.1151253559471
31496635.204912383,27472.556534727315,252.39656942679198,364.0022581075573
30121944.993606858,21531.34255930778,251.61916493291108,323.08875895362087
31955738.945007097,30072.64141783236,258.1340100560505,330.59520201507877
38867338.20943992,26750.978148437247,254.09992974907584,392.1484952421385
31792255.337133233,19275.494263685403,250.60089814253948,422.63508302428596
28548283.83900589,44622.84890706443,254.39130724627125,375.3849841011968
41989763.1395486,29028.655599652746,258.67498239578913,331.86442579837404
34510872.711932555,32046.14915257678,254.39106799120555,375.4598613017017
37368499.9241648,33930.889295548215,258.65259981962197,333.3396610157267
31245553.57628101,25127.5292387672,253.53361758408386,390.13082587369655
31819404.009465314,33125.55935297166,254.15703084398083,356.1665362611264
33932297.89765874,32272.026985184257,259.6967396975075,324.90009599051905
35333938.16780086,21158.03933861529,258.79418264514845,412.20719024653675
29200465.760816455,26980.92058372341,258.0869693366107,369.458152588341
28989033.79681619,46415.53571773472,251.20321948146255,340.2604672602281
36427758.82626387,24726.11480957734,251.0437712701073,327.43974564159925
35781460.99913283,21795.90283490409,257.04496238079827,344.385127991478
28777176.977648765,44245.285090404024,255.2104835648332,420.7591268446149
28335617.957010474,27374.788659591468,257.7476939641233,402.6197597485691
28881637.551381823,27319.78328186179,251.70613072515224,373.07782475595474
34259563.20748147,22732.18544853141,254.77391794980383,345.05729496047553
42559374.898674026,24363.29304314495,254.88416485532363,327.9270939490593
29439528.674438067,24349.25141757124,256.2198985176456,337.63644242642795
30752530.44792262,29135.063670732383,259.3491816276917,371.04732655453705
42958456.787384644,29587.042278367662,259.28343761156475,355.0072622525255
32911773.49768164,40253.23624408274,253.45794209827397,406.083835047131
28645373.027970158,17307.67255979759,255.60626031745858,351.5877671502739
33200082.99133882,30861.844514964178,253.61192006202043,387.55863380264805
31744015.98710975,29864.512963178804,254.0620926501994,362.881041271901
28003761.119920477,26007.58867072813,252.12134810767284,407.1758917205353
33290174.77615994,19305.4201008697,259.71951648140254,410.3234854651433
35254950.118058436,24697.71423626648,255.12203446660502,429.43820520720243
31771903.32277354,19459.245993423374,250.39763303833809,415.51879024927604
30855421.97348466,33702.723637177,250.36691768557108,377.4453523734718
33320649.57777634,30427.22243526577,252.2257499330279,350.89751113621946
33697730.46214328,31641.162430856366,251.32700844721867,369.8574766227768
30029742.708514877,19280.37266264124,254.76030988430833,405.86247144342263
32634689.02636069,30195.73326447553,253.51960543088532,406.4841498584749
38804897.230818704,30322.950707049837,251.40675950950958,382.8944609636302
32526073.717566285,20172.384343777343,257.01196430022725,360.3947875320448
28509330.225969084,29786.394201111267,255.7495480172894,369.97176695072636
43526870.51962939,30200.635569012087,250.5910160255734,374.71359866063074
29654174.874626722,49088.74631788016,256.7042524868143,391.670342116541
31288514.13136908,34002.605382372916,255.6801874034052,377.4358995441287
37385560.626362085,31897.14695751243,259.9951786773785,352.7145859666064
28405546.083289474,34116.8824996967,258.80082862362445,393.3259349780116
28845956.759122826,31911.6127071677,254.58180985349566,343.59648471613633
28672257.50633685,26918.468768139064,256.06110657610594,342.0993425830914
36531331.50674644,36067.824359783495,250.41681770727777,373.90191025345695
32581880.27232319,42204.545639978314,255.01664913167951,378.52171052107235
36022068.13003892,23906.08058562522,254.00961752713988,338.124366187117
29077045.066908725,34037.81580951714,256.76394346305904,380.9523238633597
37206935.06029352,22920.203466842544,250.80511171549398,346.6349720019662
29495111.03846627,35423.38246030174,255.04816793657085,333.4530049403231
34789636.27272041,65196.165019780696,254.20516719538642,362.5608783830505
31767920.60551166,32048.379742162146,256.1632121180302,349.2210399278904
28515006.71080772,23601.715931081868,251.1242608226275,370.64066114358553
29010419.761064123,19257.308060498603,252.5881059009789,389.1890157777832
30833286.922931753,28828.04323232323,253.40138771825636,396.24817553641606
36430699.894368924,26162.341986259602,259.6675370512007,341.42810833323546
36252567.30078955,26724.06409815239,259.6308910285702,334.35844787264006
32386349.96911583,31727.50928467314,255.71436759479997,363.09877543282306
35502557.96107966,40741.139302209325,255.1454551043812,329.09963503013626
28324273.01618471,28886.24684004757,250.99995520612293,364.24718530394307
40207613.744357035,21633.02075911141,256.5321174563783,348.4626838341148
36201855.689977,31428.344162482754,256.79589987334,380.1812166658325
30633813.9091722,44078.294779487194,251.00827507563756,339.1268251355805
41354845.99656359,24896.512602254505,251.7801004227152,334.3870050724907
30091837.156386074,31914.08680822717,256.5265775869796,378.1088626881175
39124175.1007463,32682.752766455662,252.55518073099043,331.30418533031536
28503719.514044777,27409.11002378595,254.38717827026701,334.78768698470066
29888749.978648636,47484.77350678717,258.591612782487,372.8691531026324
33198991.97274311,23037.675939083074,251.2475205750617,338.389633010445
38672062.49073434,36440.82773875471,250.2157712509346,384.66082449189673
29909343.00038956,21501.737628786817,258.4620759314137,341.2257051692382
30381656.543536272,66398.64930993886,259.9335694454411,351.64930882705727
29168374.338913877,28505.639556809627,252.30978886467753,334.68659840696506
28138046.82896218,26978.69338330854,252.93030743305147,384.38711613461425
31312913.920810837,23741.121508323296,252.54635512390664,388.9004288304046
31823705.523411285,25768.84594436267,258.8676296485785,327.5524896707193
36414391.79823067,24100.11091675022,255.5474609329808,353.1826270152076
30884081.004066877,20367.25081313555,254.99875797602363,332.51812576708073
31448392.113408398,21060.16027760003,254.7545346585018,376.28337195412337
31257409.978225775,44158.52026551261,258.08407291787535,341.1420524393768
34427016.877973,30198.920917744486,253.15613653178332,367.2511236411345
31842089.4491385,31302.738452869617,252.94233554929818,368.8163529587421
28008241.585750412,20780.405909177683,256.73967084486145,353.8059054094103
28484496.649869904,26487.452730697627,254.90070529971507,386.40932766257174
29703862.11058849,24023.206140414004,250.08827341140986,360.4539459358225
31030488.618855663,23527.97306411527,257.4978313481807,337.7195224450837
32995568.39817596,24583.835003688924,253.28190992272792,389.45143883258527
31378870.75533808,30101.30422684519,257.75512979521704,378.6291885329658
28952173.700827576,20294.740060147946,257.9542850605846,357.8822082451199
28908127.609501597,20901.051976828472,259.09943597063506,341.38917595433634
38349837.41242447,32074.218033643443,252.3603157826873,384.20209555394194
30150167.719335735,18197.849702167576,255.8489660281114,358.98013854979246
29502249.136529986,21738.62397914473,255.56239729054693,357.349341671684
32204144.963875376,28192.895657152978,252.18074560203195,380.66848220101497
29277160.16747881,22034.887849301504,250.6154350749349,399.0205495125359
42660171.70411591,25026.152631284465,257.61852504296866,388.89295716156187
35589436.869458444,23769.354324858934,257.1826189848635,348.5156593537228
30222874.864879936,29317.9663445215,252.43128989455468,381.8340623347537
30021152.07395815,77619.91850616992,257.71610862095963,336.3875394122167
29640675.052437082,34629.01959732313,256.7393652324283,371.3806995393276
34248463.15617103,25623.966420400837,255.4569667783016,340.01011460729666
30422329.311972067,36640.72971280869,251.58812422560746,365.0260329914
29152355.169844665,19943.84460333938,258.27012640259704,361.4669651319101
31913480.572304055,25819.746710415722,252.16478750017836,350.3047638977127
30740954.912234794,59048.54143660931,254.66661522412585,330.1661338786983
32358700.058611296,27649.01938992711,251.10875979762986,370.85841244030985
35064116.83316618,26931.6692038575,256.3233599011012,342.75545044606304
35673407.50862037,26345.873884958703,255.3588936190365,371.8689189987915
28733251.75024043,41804.22508049806,256.42733462177745,328.3923660410496
28185988.040789623,27694.505264677504,255.3101298975713,350.98144767574684
28406252.734790485,39697.50870013154,259.1133062374007,374.66623861958817
37998066.20787315,26975.059662732932,256.8859046775769,322.1854521776482
28115150.532501042,26299.072128038097,259.64533895138703,341.7751962824276
28987824.994714707,27352.538474100293,253.98482479241432,330.7780005023916
30434316.870095894,29146.868954138634,255.7891398298369,419.6428585776407
32574823.320492823,40052.12340690228,252.6885266704789,325.6949334671294
31670910.07749134,64936.44446363268,250.82545619998953,314.2754561307052
30510101.147544906,32556.143898013426,255.3622340790225,335.167612811757
32536886.889005736,24883.680136751398,251.01154292734637,413.84050264805694
31929705.392565675,19237.48192189641,259.93512502119194,385.66273871495065
34835137.401037425,23264.510734530566,254.5692072530511,367.3225324203494
28499989.972504072,34038.93365855515,251.82835410819018,413.26855730216704
33644369.48763961,46678.223866456996,250.12236119842763,421.0713260596542
35551524.78187158,23561.808917942224,255.8022632660367,350.0133265192043
30925433.10389668,30204.105239614575,256.8388086340108,347.0099242118159
32539883.95133066,38957.69027270113,252.619755295903,392.4186589607692
31604632.076339222,31503.61749501947,259.01422175651373,331.2826922240763
35135388.75131534,29386.30809533246,254.967185332199,332.5229734888208
33671849.48776633,28739.345544494616,257.26262899164976,336.4487494101494
30362265.218344428,24316.23550884964,250.03010782393224,364.2042804480219
30145939.78593551,25125.814326984382,258.5311850471434,379.8411191094434
32884262.6184699,23191.210661615056,252.03478736165886,344.62176399612997
33778712.89507524,23848.90725638196,250.94964757250483,395.03286378417783
31958776.999161076,27083.60894971949,256.11019795920987,350.98469214074487
34857989.512234636,29695.135253233893,259.1240670555063,354.57797336307704
36319787.26735715,23773.483192607207,259.8145690879396,332.3308605480311
30689239.456426732,27504.637731852734,251.24159050026682,345.65823014821694
44309298.162902676,29894.851220049204,254.82586709210796,337.11772389219306
32215603.362480003,31757.239955190962,256.841252172352,351.53475857570044
32159680.08589881,23114.428933090054,251.57436354101185,364.68166489714685
28715469.516218975,23474.05319791489,257.9490148260718,346.60827380316334
33876434.60376005,23705.087638545527,250.48255984261817,386.6178614776014
30277201.7781475,35220.17048397515,253.60113405977327,371.0848891383521
33362195.691053774,26544.677031441264,254.62601952187023,326.15817863047846
30181235.555854253,34557.15515686374,253.67682219973787,327.32397569573186
33025583.20437034,22374.15919530265,252.9278076292517,319.7817177063369
29457824.74718416,19744.331133607597,259.0468991146429,361.8844585527603
31858538.716580532,22150.58472540805,253.43107135930995,428.1872551821881
28150655.94428665,33712.22408616974,253.19060357444343,331.33886582442693
36654120.09581651,19131.372489807556,254.23953802564694,367.44349731661987
30948773.819897357,32158.93232160202,252.87413530110462,378.49361924778145
32655755.901828002,24263.130297741423,252.19752005531228,386.2963721551131
31415760.56716465,24404.67739397662,252.62914693809515,376.4133755309562
28803860.53951237,21151.243848789338,252.52874817778192,372.3668548138848
31832506.286761712,35590.48146206832,259.04182687601735,326.55037641698163
28090462.583549395,22706.12511144566,252.73516564954699,329.7486806205353
28986654.09304245,42163.12813858173,253.02250447272695,335.90626645432144
36927807.48526518,28986.802329136415,251.4612824467804,395.3750641083782
29859740.56109107,39853.46524274033,250.71725153516,342.3535922698867
41307227.80877866,19946.07731462708,253.64842113781106,363.9779026345195
35374607.97828368,34585.04238564573,253.89897529996355,327.96435725116817
36409050.26291011,20829.525332874855,254.76562586489493,402.1382533569018
32773483.82543007,20558.48997788725,252.82613471862638,374.0852354147707
28058933.02485788,32805.47613176331,256.04347795906443,393.43966708286877
32330708.89270416,20081.79691172944,258.2430787948657,352.87730788459373
28668088.500995416,30537.972835786924,253.02731974888374,360.6244657248652
28132071.729799543,20235.94415040687,252.5758711601083,390.9266608985461
35110444.94779399,28197.58556648349,256.5013243624685,372.16689598441025
33234391.19616341,21645.691866286474,253.4745068510315,313.8153744717557
29453212.925934814,22703.353076712272,256.03174063902077,330.18154898532
29248066.17048654,21747.800030550377,259.04123435777285,392.8657645917657
33689500.396911904,72151.03997389779,257.59290855125306,383.5244391527359
29513906.86309955,33455.273089119786,252.00506497020555,345.61409269901606
29643632.881023686,26479.308376574183,256.688635001969,364.53637819472846
40202220.913653255,25544.969845799038,257.3841267271797,349.7881186502682
33087943.60639737,36964.50551365979,259.92531299409256,371.9417740299259
30641115.168954268,33505.88048082602,250.31072660090516,365.3010070835199
30766039.39931932,23303.09631402341,259.3687240556093,326.9954625791377
33190141.01434137,24010.416288086744,257.6724627075024,335.34143387161527
36280682.878853686,28970.575918339702,255.16073116803716,398.2573994152516
30491968.327580217,33092.81388125861,256.95193758127243,345.8520429531058
36288198.45871198,26155.63487674263,251.57132540541727,337.42668843684436
28235376.040730603,31259.58367817315,254.08614692809266,356.90323509660936
28763977.418458786,29633.450409224744,256.43663127011143,347.24436887053497
30369096.43353563,30236.205365531343,250.44334322246456,348.61514534343553
28129665.727560706,23241.526035555184,257.7034364675972,391.4243575603307
32345223.070227742,25361.27467563333,254.95620695393333,386.9656249906483
37056989.95851892,31064.344384978613,256.86245329211016,384.41434589254607
29283530.415226325,27302.892331578383,256.12119025364325,350.92968748461726
32579633.31412817,18413.807754568017,252.71103330265933,360.3823470076073
29983951.229799245,25400.123124590493,253.83095724269117,338.9107871363182
29823273.132634997,28883.120412346376,259.1651820610317,324.8070126093052
37404934.68017806,32043.72843687997,258.09821795763776,341.16496801636254
28022984.09192164,35302.365692404026,253.92690146587975,392.4006578585616
33097666.712152183,22341.712419954143,256.4966185549441,348.7083586589799
29021212.15731699,29679.00529127432,252.40947291807203,378.54134545328014
36292722.269122735,21977.32183705694,250.11288725140275,435.5287298297166
33701933.18292169,35021.24262346671,252.47025941575242,389.4485846814589
36682692.04937194,38144.77295711791,258.9669923371385,355.6957191184331
34521173.829236776,18172.59662275044,252.14298247859173,362.7035714792779
32805610.49612467,24773.1332926941,250.7663220792906,376.8547202526877
45609632.6122651,23731.41080642039,255.2314936046992,362.16545118343726
28334469.313384954,35722.801278216546,256.24982613732533,366.0052789840675
31961308.291826285,54809.02865065377,257.34229161758986,332.11929446593086
28748816.38930573,24306.632683234333,257.30614904429837,374.7820288674547
30900696.701827392,24946.529919901455,252.19916663929908,371.9847503252551
28330819.639862385,22594.22560581396,259.4133445382325,372.00330247218506
34736372.41692941,19682.714247078955,254.52538462000817,382.36258663763994
39126092.45259838,26980.065123492233,256.29279081224956,382.409267133692
30881070.08309053,29282.98475185995,256.20308816863815,398.5032239039961
33382027.98060871,40616.91816734492,254.72730394103223,355.4859121223632
35035315.03642611,25651.811872339407,251.40145353110603,389.4877769011795
29557855.124587424,23487.236895476453,252.77566956911193,375.60152824121667
34681231.77214352,26494.43590314118,257.32205507841155,367.3076888909804
29648970.192035563,35802.922790283425,259.7043960439321,384.67266452470614
31755501.724530682,49290.01836850675,257.99331729475847,339.24212755307536
35284610.12695369,22940.884121816183,259.1879367892854,351.6269997079484
28686644.89645065,28640.710410177606,258.5026235522324,345.7809136009164
29387910.104184743,24129.77877203347,259.14391167548973,355.37995913675525
33798311.96275674,24046.19507001042,258.84783573707193,355.6019196973141
33361617.95429913,33825.344965122305,251.8851508454626,409.74766796482567
28270049.680471737,35233.17219567005,250.3459516984376,347.91340506055604
30258843.8572916,27641.691073767222,256.5961044004428,359.81764395037294
30957922.909161817,23476.88958079248,256.4845525932889,358.1922039328817
38637243.47043009,33626.89554454404,258.6796672140915,400.29398915098034
38995789.81967727,49032.60358402298,254.92335524025904,398.3217961039146
29707033.046969034,34914.25947945534,256.3304289082161,398.1127661500202
29377196.355131734,37156.48795196619,250.26333553681118,398.0297722933737
37068687.49209342,24631.452822881347,257.2954843533625,335.92774038031354
28510852.898169354,38338.50981376835,259.0665892627842,355.85637429313385
33631550.79112303,39810.77494608689,250.8196527021743,359.48019678694266
33853314.83544836,28880.66264402959,255.98351633363376,345.1028527101416
32696995.3561517,33149.683209251816,256.90497176567044,341.9121310681585
35036493.66237469,51261.820632219875,256.3102333542111,347.3082118848153
37294834.22829018,22505.426974473456,253.4599079191013,381.6125128650586
43419896.29321128,22383.966090300484,255.64917478346922,345.03844064113684
31441898.49443303,31037.001023084595,251.97097816280265,417.8415966180733
32408958.332685906,23710.24028871622,251.3772632666475,363.0894503145332
29513842.9364937,30492.981007639322,254.95079616223936,342.24599360704474
29092896.43133189,33969.56278639604,253.72022056884876,391.6678155609323
34481115.59290263,52448.26154091061,256.40045356085096,385.7229577426424
30848890.622363027,32746.53537912191,259.89089729846717,331.8770249041118
33023097.432720587,33507.232918046895,259.06266728908037,329.74308350258343
31979897.281001132,33067.989269049285,251.26452881607378,330.2870803776659
28921843.85407323,23231.53648024405,256.68327113875205,353.356904722986
28026414.44942088,22481.887646615447,255.64923800604345,349.9583562313034
42309204.44011125,26645.532683243488,251.89953309400153,372.8154613480784
32755735.319404073,27211.1598239788,254.6542669524968,340.5000039149831
35123855.61387933,29902.6593416044,258.97422217926743,369.97608930886986
36257239.934399605,25808.527079741863,256.8085379004825,419.70172866239324
36064958.612628065,26133.090100863334,254.68210619501394,377.3171277906125
28916797.660876684,23238.21757018309,254.01502575210915,384.4805114207108
31726325.402396034,18617.701551152586,251.61428302038988,388.3803908011914
30359191.65769564,30517.3924383552,257.42123143565675,345.988469856861
40352270.67971349,34304.18857153467,256.7727707546132,415.42414677212264
34523466.377528675,26671.005743454152,254.4763290384391,334.3149345106595
35700902.76677079,34471.20464522773,251.59470696697252,384.52739215571626
37416186.34758651,27135.866759713215,254.07653742155202,382.48582873564067
29177130.42830745,41593.05182523385,259.3903646342862,324.90637870000785
33770709.092727706,24800.604400961194,255.60538930919225,424.9496103944143
33000684.95098269,18056.34691424793,259.2045749161254,336.55144464147617
28939409.281821765,25591.091530158934,252.13872710525982,370.2671032605492
34100992.9380922,20660.055307648137,254.12399514161208,358.82661949758176
29898615.495254446,20329.96898870334,255.43572510416882,344.25853660181974
29927312.396266155,39963.03225539696,251.68449303030718,326.33754740692586
29578849.56367797,38546.362282770526,256.4759967100904,368.7019606148922
33542490.57541239,22347.544849271853,259.59771883360986,347.1277934222858
32890344.307455678,35841.153372261164,258.91185613670075,347.4605225526728
40683193.58269104,22628.721535828645,256.6313302202153,333.3811229588697
30599969.10513614,45076.94837474094,255.54731185058228,389.7871347487469
33606477.94201539,25181.203201839,250.17936744170206,398.66878726181375
28340446.08692188,20492.3304023459,252.21492536951854,383.7489032226281
40589071.7838654,28101.3747519232,252.4439332905247,351.46919055612534
32022333.430141702,24220.0754350452,258.06978622206566,336.48757494504616
29402610.943524845,45759.701075005694,259.75808317942267,334.47234101324494
34220690.41853929,25361.736251965332,258.80930118090566,326.9331818950123
30628692.54778515,30650.340809375833,255.66276746829936,404.3221784105406
29120124.89809825,26628.840884167534,252.06727874312134,379.06028910458997
37766556.193581186,28262.927001016044,252.03693396860555,346.63161030082824
36108046.97198653,28743.963240410063,259.68009514904725,325.57684151837935
33413972.63946782,27877.411149299405,251.1865088154476,405.2551796410724
33078408.480443306,41039.28547187439,251.39866135654597,386.18002760476173
29948831.781856943,20855.39919585461,254.9138166044171,357.8819317183907
29611908.712535217,31084.23330467254,258.8647468106935,334.99581072653643
38653807.56913598,38353.62584074182,253.61359366268647,350.3292421968598
28104912.538783062,23652.34944551577,259.26007827070043,366.1720227270333
38303793.57962458,30039.846482378973,259.86829913456626,384.41485312138633
30394544.836463355,25652.309562037186,250.73768632591592,343.7694316494742
32217928.955153853,24470.20030463743,259.6728100669738,321.3163593127972
28071328.12114728,24417.332013297586,256.41301063126343,364.55825813242797
33326009.383362424,26319.27125737397,253.40864157871707,386.42776621721873
37113716.446866155,23180.118781285557,258.2089345103915,343.9423817096795
31187904.57388216,41363.97080029335,257.2655884822037,375.73918180912955
29559999.31694312,20902.129647355774,253.90904872319982,355.5411958714522
30617429.593347967,21465.45703640294,254.32851596203813,364.2744802620317
29402692.899406977,34097.78940340364,257.58679387005265,382.6209814133929
28793454.00601859,25492.509190063098,257.8743066676735,360.87829822947697
34992891.53031681,32160.749108613352,256.54831305488074,367.703796912015
40290466.42231411,30510.337279784595,257.9216304158065,379.8215249113705
31800692.912261378,41812.48468902883,255.05594122964106,346.168214520477
29132224.328697126,23253.207267405305,254.17491200870785,330.15661377391314
34854453.371221825,19730.297625700274,252.816454729594,405.47378752226234
28814259.91169713,42172.57938225214,255.65869056105126,349.38987742389554
33515026.20871526,53111.25625519724,250.65995697869013,377.21285976103536
36723985.52567071,28433.353397971387,257.4167000150393,327.9990205363854
28330036.059896085,21200.66024847904,254.0859877565826,375.48598862095974
32341066.279031686,35602.688602841285,254.23036138986052,384.76224838335133
29920949.546687894,20440.11396737116,257.3165231832718,362.950584727556
33796187.83643406,20328.084616010827,256.44525391736084,379.09185309126576
36988890.82578915,19551.172216273186,252.91990663074947,411.47683368392006
32521925.824597154,20795.204959819723,254.19724562979192,345.65097200267303
37699676.56518158,21346.530886112694,252.64405304376055,334.6794668170223
34932346.2700673,22491.25719006676,254.66013838582558,354.1759802278884
40736803.897779986,25189.403661466975,258.9656771712666,369.2394265446462
33318183.651882395,34345.54532088,256.0948195411589,395.0646119625225
38896014.44969058,22698.620814783368,259.6775015676228,373.9896247251516
34862231.58366649,32421.479332039573,255.17458757912814,350.27792521147245
35005360.0159737,38693.5420056265,256.23881769722595,338.31499442561125
32170661.275308892,27598.86506807505,250.3912528996386,378.9948166280531
30670217.190878373,41069.01517670887,250.85166912960057,348.2172136741486
34248037.21450874,41420.8378256016,250.8317678000831,435.5625014134619
29444329.895925254,26820.430338757844,253.02472974569895,399.46520325900747
41130613.16027121,26397.747156259575,257.1105026182761,410.26044891633353
37921347.0061771,30148.633610518744,257.25202202805207,399.9049911025586
30370884.930554613,24721.679766600297,257.0601227100345,341.2626141209928
28929312.67400391,33981.73715793711,257.57944217194586,342.1984802806536
31397204.789553054,25786.30766251436,258.34533413276654,345.9211190627241
29824585.937388692,26727.67344524902,258.83941731125793,319.30136688833204
41121378.623104595,27231.519613390337,259.1021137040512,374.9974795283778
28938824.778871797,21034.560610949982,251.349492555531,333.7676208679922
32435055.996135622,26577.94197028451,250.72180909938862,381.51262686474564
34607809.367257684,26394.738955214998,255.28085557447187,365.34656779890764
41393015.84789969,26241.175348231845,258.7963532125332,373.75628014249503
36534661.09241929,36143.249805005864,257.75687358541086,371.1400836531939
37499518.64442746,17947.366904949777,253.00781672421786,392.99659809706
37446434.13956574,27541.64912487212,251.5895298005874,354.3295329913483
30073002.72943581,21928.98862099305,251.85305122804286,372.9395493439751
31441607.097870983,19962.802473713575,255.11272263267048,333.167821049904
28800686.071789917,19773.48716112052,256.210918059485,350.992253287719
36382927.168216236,21871.073652487798,254.41861928780435,372.86238555872825
31565096.149016026,19599.462686479943,250.75265457798903,359.3832549839892
32791522.55446811,27687.783344126306,250.47426292326398,403.3409854906703
40670767.2105356,29724.125243627874,253.40073280528927,379.9672461770454
35976853.25126697,37198.39089952344,254.57618046852068,378.16605719063546
36969806.95173148,35435.489771113935,256.65600627088236,345.45564098675334
36801010.690012366,24723.81210916247,258.6392298980328,319.6067732772575
28798705.969857484,28063.99373437551,252.3487084793438,395.4564353709386
29922137.726124804,33927.133388339,258.5614119389371,360.4355823148264
29519962.27860202,45120.91772242237,257.36755264043296,387.82773734156353
30804024.32572859,27410.449171684617,258.6538184570154,362.6356703413496
37895801.5948568,26142.64805130141,256.63894084054664,409.87876401624374
29224715.080007713,26293.069134202018,257.906456486062,365.733081911602
37277434.129694,28973.31361689022,257.93722387285396,342.73102313783755
31288457.26965199,36974.96513158365,258.6933901819296,335.24422215939916
29362967.007516194,35019.50147036833,256.1457494554002,403.00056955175165
39219781.29812487,20123.125181200092,255.77896466936267,392.25110243588676
31401684.841465637,28909.868750679372,254.76889025634028,394.74864537678866
29122661.886708852,58515.684357731465,250.3402153490047,391.176520241675
33567723.253448054,71458.8319176652,257.7412792661157,339.4409646043652
34141441.11786802,29883.15236672813,259.6227894299724,372.14193752465326
34361121.87444918,45693.552746752575,252.60015140346536,387.7932507443861
36876805.24178539,23535.107979884742,252.90157224972532,332.0702912099665
36774254.6957496,24595.01812914273,252.14710795293922,369.70516340754284
28551461.621689342,29271.343322172885,250.10458661639768,380.94891978758073
31705948.53771589,21649.488773596357,250.0250408124351,371.08834820261893
33648796.420030415,36677.05655868445,255.93216901313087,393.6863027591327
32565281.171671443,23067.33302899833,253.59723522115112,374.86779715142495
38028455.253917344,62056.1269899188,251.36279675361655,349.12410850449413
37991994.312548816,23932.583960668133,254.79156345032445,353.3306322791401
39244776.822403796,22636.927601150448,253.71476421439527,348.8331829609497
28254252.421899356,39653.62618126857,258.77396580319913,353.2190542189869
35900163.694835484,33225.69846287182,258.276483242768,396.3699075586078
31027779.881413177,20107.687584933006,257.5642991101212,412.0358774460796
29700954.151413847,57187.98538578843,257.7618726285914,358.2372278416333
32641518.71944326,30367.68793064889,251.57429857136165,334.1670852949966
28660805.599211574,25757.41474917547,253.48987299908407,373.1599617422654
29553830.13820703,38001.80728918364,255.08888559199502,367.98824914368004
31006718.775295995,34112.33950633052,253.49089666018844,331.17748515584964
28651933.78042767,58847.46652268475,253.17145568173112,376.52087020040597
28812595.87135342,21064.965047242968,253.11689860055668,383.19420980408205
28599501.9565986,33104.54164064472,257.2914143741058,351.52505225345493
28571441.16586537,33935.95273956639,251.0039563543052,342.9162004925688
30161647.481437042,29360.062973804917,256.4233422294253,353.5994002163206
35643053.90743599,31597.214534980692,257.4811615916317,365.535716974428
31895801.503609292,25461.304573310306,258.5558973749955,316.5172897366696
34155571.03987359,47606.53163955608,257.27848512445877,328.9513419227104
31326422.543050513,33740.00741174064,259.4654599906062,371.0461157904582
37703045.14919168,23626.169373728066,251.66703628347304,360.8339704704074
29184150.945952296,39989.54277318555,253.15993431026456,374.260416184307
30721151.31276096,23453.865776195038,259.4562228264472,374.5997077168162
28395483.23587938,37236.3222588401,257.2635226889429,377.5155597147041
28638549.710334558,32153.75206505765,254.8659845286292,322.35441222536707
29914250.69573465,39928.021257184286,253.9542841711201,344.69211215499865
31502020.37197782,42298.9110795739,253.86313134151945,344.6859321611963
28769139.000116408,24632.23937806108,250.6942520989094,339.20735914929384
29911245.19655668,32958.56787097712,255.67437208748595,378.1498685457468
31265789.089703217,21904.94852617229,257.14639066844154,370.32874294341065
31406121.740685485,20403.80118172025,254.6364678053477,378.91518249091087
31602345.171707887,28262.949738515126,256.74216206089187,351.04211645198467
39830311.03697005,39825.838115950624,250.94568953176466,342.95975232809985
34574400.34932035,20443.78102465308,256.26402513596474,367.5184717859157
35296897.36796956,25514.452618023228,254.29851682286505,365.15905380019126
30539722.014582302,28086.85084253598,250.7725936576083,376.8603188428662
32452159.825361326,36714.30227095487,258.74603829482805,350.3253907248994
36397505.26028819,42847.013359076635,255.16729543720916,400.4966990031756
40525594.78973683,26212.535889803134,259.03692917555037,354.3583179644241
31974432.844642304,26656.371178558315,253.15189219550982,381.21870758765635
31582946.306141257,34816.41178310622,255.77261602962955,322.3966052862514
30018354.764654413,25163.06198560004,257.7075194367024,317.45962582342713
29244746.79440226,32836.68419829571,250.4306752415104,404.8447926563236
31198247.134703726,23872.296227571678,259.45539757353515,375.88343982026686
37897330.18830559,41764.701855128435,254.36212226785497,317.7967043060016
29485359.58826205,37123.99022506354,252.42255081295764,336.01974169220114
36333981.59772544,23179.736293069967,253.53799210520197,343.80953969460296
36288072.297915876,29193.860648064376,251.2296025174962,357.3930850031249
31835895.214656144,40194.822440143806,252.88159814180065,402.4519876205865
37983031.636470035,31723.74185813662,255.48366989376964,379.0093713328363
30689505.22700767,25617.444045898883,250.52766213217882,414.0040350821964
31941881.07834719,21566.746675565268,252.20513773797114,379.73126117484026
29217850.018652447,25884.17105920204,257.7796407099949,322.59427152942993
36440839.98179384,40705.152578884255,253.86968813456775,331.1333383110085
39016301.8190545,29024.829028832835,256.420702726783,378.8233598382837
37826214.87188144,23860.245517448515,259.61727048388326,333.6928186598537
33385254.954160564,18906.00716949207,250.70194222256146,370.71839504586444
35648767.0849645,30247.810900423705,258.80166240797274,359.9422076155281
36454339.67717715,28091.806813644333,258.94193500615444,329.4346328569955
28178270.662790723,28756.990085114525,257.7300929215687,405.2321674422447
35524730.270846575,37151.7437901995,256.94662633629616,359.82979703120157
39964162.223188564,43026.93168003968,258.6579136969623,314.0237253415395
28479342.949667417,23279.981322476233,254.0776286701435,351.6140950186887
34009885.30873455,31899.816997175174,258.7163008827383,331.1426987488164
32824714.868303053,28372.4677882794,259.68001649367733,365.5097535212327
39387918.31844702,28432.77288831137,254.0195986202338,376.00934704459996
33697587.99102075,24609.02322171612,259.2446300255163,354.3347398073576
30189438.623024043,20112.406947834646,255.77691062009927,352.8131543502894
29751436.304563485,37624.25888703699,250.4418804768904,332.61851976926107
29749183.222188443,29308.946178712562,255.2623376770517,358.36964794253987
32832815.084612433,52289.07396363381,258.01551901440354,336.147522183555
28332997.344972797,30207.714683206577,258.92559632277454,369.27523592465275
28804121.95511248,30216.631070933003,250.22066218824392,335.49236867082857
29287966.11021122,22240.334851756095,259.0560504061194,351.539352697845
39025228.782782,26522.717394767802,251.94828098208552,402.3760914713799
28026236.83450988,24528.531475312302,256.7493483015545,377.8717954355127
28979933.692786794,20955.14717678287,258.03993690148826,348.78648693417017
31685575.767453674,21959.79317270824,255.3924625378019,379.6447635907276
32835848.173707053,22247.240868118,250.7700412612647,405.53142364062467
33592102.11300425,29584.09248308725,257.29689296448885,337.52384936024913
30862260.019626483,26900.491585033706,253.39353436968645,342.07024446207856
36553141.44564012,31960.575569985456,251.16596964873668,402.26998460230016
31749202.29965208,22004.346962666717,256.4736377758826,344.23739463311404
28183988.3557633,30300.172438555444,257.9251434511119,333.34969034730227
29136350.317190167,25631.445639018508,251.6046238534251,369.9215525916083
29174333.025103852,27236.97244137434,256.92997174479643,327.76126242059377
36072395.31967615,31246.81347047005,250.8280644361401,419.17391675411585
33038231.51790292,23496.56936085385,257.42196549105125,321.61275622833244
30073436.33384621,25187.086169905568,250.68967510063604,367.96981138811105
29423081.244887386,21422.257928993888,256.2100631276729,340.68634376422324
29152754.492111083,26022.81571356461,257.30546916655294,353.055495861022
40750616.11535549,29683.02808891584,255.00368432718173,384.1702536261854
29098060.964826666,27473.34481126544,258.972125283975,335.4507616138997
36161703.90639599,17604.97697211999,250.52612477349894,411.09144103366964
28360944.474069387,18242.60515443834,251.46115592850933,350.42543101779256
44320937.209065974,25609.105084034276,252.91665279074084,343.15529537091453
35019699.973286964,25570.061569643476,253.03619216091488,335.8489011479549
28662009.917056605,30190.797929344208,252.19886964982013,339.515208210825
35614393.56907028,31127.267808970348,256.3827212143309,369.60936064384686
29280598.86179775,29699.771260054236,258.9020685650199,365.3840995555677
29610694.631136365,23147.622877942147,255.6865591498155,363.2123214200236
34726945.13313492,27932.57771272327,252.01105041350908,375.4574791032153
30123117.52357827,18734.89700127563,253.7962153877253,361.204853810955
29111679.032904997,18198.106320864936,258.24251678279893,380.16383706942173
30586337.581424505,48952.330722796425,250.5892121148619,356.28385556343267
30092739.93444777,37986.62283027457,253.69004352833701,343.77358931163434
35926530.371738,28200.09854755531,252.86716117248173,356.7173514916397
35163111.20295049,26868.723699768252,257.2447865145299,330.67326782443433
39578076.699703075,20091.304493182208,250.93075476457463,322.8739114086223
38624620.25009017,22174.102836177823,251.13346667075064,331.26274334421606
35128770.040890895,28936.632687721067,252.32497508855977,410.31096750555264
31431281.44943624,27686.567528647378,254.39732246555,330.9715381207528
31722631.807519823,27856.230340898728,253.8333313542792,373.18680104407093
31710762.238735568,26636.55244003846,259.0130402625095,353.94068268738386
30792518.875844784,30470.583453880834,253.63930382517825,360.79822718688126
31276687.798585188,51451.72538618926,259.5217029343488,347.94699392981016
28918062.95182741,22379.56485755477,256.57876325464434,402.5107858382763
34615963.58296037,30717.605055806373,253.06814944466677,414.4140645391792
30163699.584784623,41958.40318775122,257.74103443914066,381.4287212917952
38022782.15861101,25691.486269755464,252.57114083545184,393.6614985103466
30893821.639030587,23566.503743148725,253.0734001686374,375.9764198615069
29927621.55217645,21669.233613368713,257.28290311283473,340.6150045531202
28343523.064784955,23791.480670875444,252.29822295884867,379.41086306926604
34890107.994715035,20805.133741350575,250.79402760362248,349.41128273892457
31427967.209296044,27195.736446982202,259.953066383367,370.08592420203433
33926682.594994485,54828.07588368625,257.70720106188367,381.051676623568
42027876.07182856,26577.957917039355,259.4513785302538,334.1213724549962
29100385.276118368,25627.772174867117,254.79731873844264,399.38696785547455
28077527.108597875,21802.25188754464,251.52057165897048,361.11848083273793
33643274.21394567,28446.57052754303,258.06069106639677,348.30920474946396
34455219.60211195,35535.75782022209,259.8276854674088,339.97487162166317
29073845.11735353,25572.464037824175,256.28860596359505,370.6348995438164
36986974.47523238,34910.07689141031,259.0786582181839,359.04844948164725
33346317.000187665,34068.08607720325,258.8710584059017,356.6525504785502
30704818.54107178,23746.948684156458,258.64816587165507,344.80957564721257
28475431.57535894,21373.36961671407,256.97000960669754,345.96573001190825
30420943.796714805,23054.857222172766,255.8127590760295,364.44441017665594
34270354.78463409,40784.06716246004,257.21080361719004,337.8699237464989
34523962.73183145,28705.49739106139,250.70975599669538,401.7077466523092
30761413.697410017,22017.660450392716,250.10509943407726,382.9535160416601
30693018.21219515,26670.31920970144,252.98359960990203,363.1658535447113
28834970.757615734,21529.76499888322,250.33898052657923,359.83903363623796
39917995.23556336,45965.44384760843,251.000437808059,397.85765478970836
36677067.19082422,22966.03901119795,254.94010545814018,402.3802097116889
29528199.404848173,33040.28461690745,253.1653903619138,371.65570462963257
40454656.64781942,43174.8629712152,255.74145316728166,366.3754964831964
32025858.495653678,53496.67958119984,253.60434321788065,386.3491762362577
31516859.626143657,22761.59420671747,254.4390724241097,356.78360646326564
42572553.27168501,28183.794155590043,252.40542885403784,337.45138902180275
28413708.444899466,26327.692517151117,253.8728167503329,323.5065467056047
34047249.792661995,23723.50252565698,252.8972200703958,337.5084249693645
33132770.69002092,100671.87622338132,259.7180766721691,350.56112118221233
34690935.30654137,22898.18560875985,258.3793694509526,325.59317961014665
35109448.14784529,28661.327802176667,258.8490183499152,351.39998563434114
35112689.29370302,24817.766361186194,255.27829421509895,381.8650003826019
29159656.79619777,28097.48933693909,252.61853419449594,403.499135895942
30127713.96173617,23730.255537312725,254.89518460939107,391.81225872398136
28410210.431482922,32017.372526347543,256.05593751569717,369.3705488052621
28064834.054106615,32301.697517831235,253.00417270564748,360.7323678874953
30681960.16922837,22330.3390821685,256.82522339681344,383.44753773894035
38127083.848405086,25694.41444506565,256.0268744183902,399.3144653027181
31223933.701723486,44519.503777208185,251.69551260474026,333.272494029897
31928415.043109067,30553.89762050083,251.8190909026337,329.78838497588316
35668717.91187203,44320.16048775666,251.84127454066282,395.5123702331113
28652752.388716836,33575.399958590664,255.77918702942816,359.5088070378991
34875991.003026254,16953.778916914536,257.6566387754833,409.52279023479866
31840807.94265166,26639.650172223624,255.43403573149686,336.7008239775933
30619947.481904477,33120.24600523701,255.16910752676645,374.2477439563594
29214736.607560568,24833.67320705992,255.7626664514729,403.68923461065947
29832582.19772213,27308.175273938054,252.40707689155943,391.95326781530105
33795912.428403884,67039.3112871091,251.1282285863293,415.3394203967513
30612499.407634214,35445.18572952646,250.73934285139154,371.0691616293234
29648653.27798379,25784.346773059005,253.93955372404466,372.5197751288956
28998730.23256647,28673.873783165967,253.69743008281304,334.52557196922464
28857413.298022762,29649.06174519698,250.1445181561975,372.2889739361538
44033471.81048443,22117.95061654226,255.0955559296051,376.45206395021404
33670285.129147835,22869.322704294882,253.41858940204975,362.7012188364047
33417064.505083535,22589.72510924198,258.47891328726655,320.6161159841483
35040150.17174227,21950.568480725433,259.9607311943695,311.058027694834
28115508.645285457,36941.5537072346,250.97126542914498,357.3957263159083
33672408.19039906,19067.473755213367,252.36940756104798,371.03054700882893
39221493.217343375,23320.841277882177,255.35931728580613,361.9949857169071
30484070.90656025,27125.880735170893,254.02252688798774,346.50266104290426
29309154.738388896,30379.59619987831,250.14965783208382,343.2088751941035
29991456.088033173,31192.562517095186,254.38291354577362,389.1320647792695
32942001.502220906,30388.74745067274,258.30533432426887,398.1397591551631
28778493.386265285,24584.976889061574,251.176753040138,371.4967267546491
34773425.77682419,23929.92022817211,254.077173666682,383.5231476244939
29350780.39517838,29915.65367812154,252.49388839636117,369.31610334919236
31585542.208512537,23099.825063455246,259.98126769164253,373.09862885495926
28209792.962023754,23286.355191890943,254.83543538458824,330.0185205708202
28068228.52060706,25398.324448295334,255.18998744116954,373.6013568749616
31464262.149320584,19671.86271718706,251.3447701134565,373.00336848631866
28163093.43452876,32473.86265664765,253.62630249035914,378.5333028888594
28847561.97903271,21608.811087951188,254.11019494540824,336.4800924038895
37315345.069726214,20491.215787294743,258.94087019459744,349.78705984510225
35617215.892736726,37968.58055039219,253.65430766163297,400.2555110311337
46448506.55317998,29390.02137326604,252.58696363339362,343.71691038384193
38561667.81384383,36311.8135981751,251.01651727022772,395.45140083973837
29761259.556109726,40238.913712290596,255.12298904045647,389.17608198354094
33388220.870794225,34240.08527091418,259.00094786801094,369.95886877548907
28387270.193542972,34192.14421051617,256.93578440391155,357.4704691945847
31028647.049033996,40093.60124493859,250.00192835007041,353.46345680644083
28422352.116370827,34298.12320741589,255.90215062952586,373.7328575938478
28144640.27190999,22407.649812391912,256.7642847673221,352.5705314388873
28532078.625856433,30939.40291720233,253.7197684193608,343.9426786149764
30151598.565026022,24229.407660612014,253.37997789380233,388.10337081985307
29745632.600102738,27450.817857392525,252.61571228888317,341.1171100978523
28348452.518834297,22780.739297870037,253.07197856038584,350.28092586608335
33365429.463902686,20972.22871948831,255.523332006972,333.9055910137456
38043355.09899009,35385.9295717833,257.18873318233364,346.6832839801359
28605255.54394532,22469.708378546216,251.45487800419562,390.7411364924914
29940448.672181953,34385.25422017393,259.0948483451276,351.2020747461337
28204532.831146304,32449.766868419596,256.92222680059484,319.83676573681265
28957822.763445985,20392.122339131558,256.32228637253496,360.29759767108595
30470058.191351216,34218.59147958025,257.30754436239823,323.71345722774635
30440863.38764058,25502.44551488573,250.15611620588516,347.42430980956374
37929265.89616164,26744.588751431616,255.70682237255144,337.8197386244453
29505907.445293844,20931.114281168902,256.40175297762505,332.723263030505
34680127.908516444,32654.121699114807,251.7095410174329,409.390439967019
34907264.77998696,26040.554335612876,253.3208039720721,358.1236166439901
33399960.99827099,24513.83817389886,250.7061522107883,410.91813911036644
30422701.11697487,37968.04452047556,255.9607529869845,366.62428487555223
41786256.563037135,20860.527310747413,250.758847437023,370.6515152430572
32158371.80648601,28421.05226185079,250.02243539345275,339.8809311789663
30580526.85803804,20823.935677577898,252.23002371588993,326.2629099776402
35619042.67532369,25788.66518166857,258.74334902514045,364.4562948039029
28747591.562875107,26699.7078678018,252.0426614748527,415.49634134677467
28031844.657354157,27355.07367001781,257.801468837879,407.5507529054706
29732376.476991627,34722.769066054054,250.196713494013,391.77335920191956
30842938.03750854,26494.967363745745,254.57328511409867,368.6457228931067
30267121.778748315,22875.36934390181,254.55592864814457,319.1086830451291
34007469.32390186,33844.06064944715,252.97658843007812,338.6496570639897
30828352.274279214,24155.726165934495,255.3179366678922,348.62331882029736
41870705.93453942,32176.97093406762,255.24743761565426,356.3872637677707
29431231.564711437,34358.78256447999,258.801127971885,391.23141995375465
28469960.484161235,34020.42578688574,255.34071499795112,325.69563006499317
30719828.24802076,21702.692733530333,258.62753806679945,331.3227410877493
34850421.870358884,20741.740882725317,259.33583572068846,325.64966167403435
34812780.2876319,20565.467731193068,250.20562473023475,375.86991493018104
30111440.189085618,36909.47132527782,253.38798608528847,357.5663188425836
40070507.698644176,32150.703959068676,257.76992674653053,350.3459284925841
46163341.07163014,21544.54363159809,251.70963363132557,389.2664066638393
40030461.639195174,24697.932967764893,255.3002434173509,369.55068276455546
28077633.909251507,25405.007345749604,251.94221269416008,373.4984702215407
37605177.8288297,29213.655222433496,252.65324894741804,427.19033413025824
43210444.44786967,21568.957031262267,250.18774612390703,367.07659949407974
34107556.10760552,23143.32609491859,250.17796315711394,363.6782279217263
28635373.76600235,21206.002130745757,254.60113832197393,351.02197498488783
28903541.321790658,25275.490032913825,255.22086454269305,375.4917989205132
32471661.647264116,20749.678404608447,250.5389400520141,395.72907776891884
35942989.789262176,27940.700794855387,259.5453781181221,338.92204663536705
34873757.52300281,37927.314016747456,252.88334122078666,354.72732297760143
31569372.91957035,28840.357335919987,252.65527191405795,387.2862082317431
28365187.57046738,32608.00199391253,259.4880241558448,315.06792149766335
29366179.74479425,24021.764882524527,258.0807484067449,348.66050759953794
34383076.59305534,22320.407520297966,251.26736530492616,360.47088407354687
35480215.09330303,24628.640464789063,255.40659433683726,348.96696361261223
32186198.013036456,46003.41996256079,253.8064929131371,326.84604556983754
31301746.42430491,34582.51114771517,255.1682187784791,343.9312139413197
33157167.53687925,24977.241900426416,258.68986756081017,395.09898559568654
34806835.33004592,28766.417281035043,259.73483336378564,383.66480158077593
28161768.236326568,19442.906205366857,255.9576828112151,362.1756939177089
28809026.92778362,29929.9168285677,254.32922683557385,389.1625101133554
30980811.960848846,36105.56325166028,252.51337418678582,394.5579599307608
29717773.128856212,49763.50075646311,259.2357806803227,377.0885891582264
30488047.39239639,22079.3479706801,259.31319133746956,340.433671221149
28907495.816859186,53865.3327751425,251.07261005181883,369.77215336824463
40576140.30992845,26606.319793453527,259.61269577141894,341.8293675837306
30592382.653982703,30619.414135957755,253.34573935625122,404.76896933702534
35005497.94221706,34622.192906174685,252.63826236064432,339.5233525550417
31211881.896613207,24926.391263733374,252.76211352364888,395.6485853342875
32384959.22799071,20074.182059218154,255.4043992274584,372.4974846256855
28058629.579529617,30371.108702427224,256.7946519943887,346.3224117871405
29122383.15560351,20036.716018210904,253.19420627235039,331.3067287095356
31860241.385221515,28736.621243271748,253.4932783491268,330.32850836824093
40192581.998775035,37261.56377690461,254.5398561489932,357.9037637619577
32418972.289694503,18697.354084507468,259.6943724489057,315.1758955728039
29875759.367046226,19358.641742082247,255.48224878546466,369.5750321609092
31017614.219732817,22186.45453985713,259.34173426971444,339.84513365658853
29470777.80510593,22062.29072079667,259.7394415451737,396.98719666312564
28259226.77821022,25674.165497413203,252.27562524554088,346.0984539598536
38765078.63676288,29200.12819130734,251.95325879832913,328.6037264450247
38948193.35472064,25503.31000603894,253.9411552939705,339.8743054753792
36922544.523241445,49126.94376508293,257.58746910216485,321.6515872802305
